{"v":"5.2.1","fr":60,"ip":0,"op":60,"w":500,"h":500,"nm":"loader","ddd":0,"assets":[],"layers":[{"ddd":0,"ind":1,"ty":4,"nm":"bubble","parent":6,"sr":1,"ks":{"o":{"a":0,"k":100,"ix":11},"r":{"a":0,"k":-155.955,"ix":10},"p":{"a":1,"k":[{"i":{"x":0.667,"y":1},"o":{"x":0.167,"y":0.167},"n":"0p667_1_0p167_0p167","t":27,"s":[3.698,50.595,0],"e":[27.839,52.739,0],"to":[4.02357578277588,0.35728123784065,0],"ti":[-3.16098022460938,1.98855590820312,0]},{"i":{"x":0.833,"y":0.833},"o":{"x":0.333,"y":0},"n":"0p833_0p833_0p333_0","t":35,"s":[27.839,52.739,0],"e":[11.589,25.489,0],"to":[3.16098022460938,-1.98855590820312,0],"ti":[12.7697801589966,16.6396007537842,0]},{"t":50}],"ix":2},"a":{"a":0,"k":[-23.672,-43.28,0],"ix":1},"s":{"a":0,"k":[150,150,100],"ix":6}},"ao":0,"shapes":[{"ty":"gr","it":[{"ty":"rc","d":1,"s":{"a":0,"k":[9.485,9.485],"ix":2},"p":{"a":0,"k":[0,0],"ix":3},"r":{"a":0,"k":20,"ix":4},"nm":"Rectangle Path 1","mn":"ADBE Vector Shape - Rect","hd":false},{"ty":"st","c":{"a":0,"k":[0.03137254902,0.658823529412,1,1],"ix":3},"o":{"a":0,"k":100,"ix":4},"w":{"a":0,"k":14,"ix":5},"lc":1,"lj":1,"ml":4,"ml2":{"a":0,"k":4,"ix":8},"nm":"Stroke 1","mn":"ADBE Vector Graphic - Stroke","hd":true},{"ty":"fl","c":{"a":0,"k":[0,0.007843137255,0.133333333333,1],"ix":4},"o":{"a":0,"k":100,"ix":5},"r":1,"nm":"Fill 1","mn":"ADBE Vector Graphic - Fill","hd":false},{"ty":"tr","p":{"a":0,"k":[-23.672,-43.28],"ix":2},"a":{"a":0,"k":[0,0],"ix":1},"s":{"a":0,"k":[100,100],"ix":3},"r":{"a":0,"k":0,"ix":6},"o":{"a":0,"k":100,"ix":7},"sk":{"a":0,"k":0,"ix":4},"sa":{"a":0,"k":0,"ix":5},"nm":"Transform"}],"nm":"Rectangle 1","np":3,"cix":2,"ix":1,"mn":"ADBE Vector Group","hd":false}],"ip":27,"op":50,"st":30,"bm":0},{"ddd":0,"ind":2,"ty":4,"nm":"timeline","sr":1,"ks":{"o":{"a":0,"k":100,"ix":11},"r":{"a":0,"k":0,"ix":10},"p":{"a":0,"k":[250,241,0],"ix":2},"a":{"a":0,"k":[0,0,0],"ix":1},"s":{"a":0,"k":[100,100,100],"ix":6}},"ao":0,"shapes":[{"ty":"gr","it":[{"ind":0,"ty":"sh","ix":1,"ks":{"a":1,"k":[{"i":{"x":0.833,"y":0.833},"o":{"x":0.167,"y":0.167},"n":"0p833_0p833_0p167_0p167","t":35,"s":[{"i":[[0,0],[0,0]],"o":[[0,0],[0,0]],"v":[[1.25,1],[1.25,0.5]],"c":false}],"e":[{"i":[[0,0],[0,0]],"o":[[0,0],[0,0]],"v":[[1.236,3.52],[1,56.5]],"c":false}]},{"i":{"x":0.833,"y":0.833},"o":{"x":0.167,"y":0.167},"n":"0p833_0p833_0p167_0p167","t":52,"s":[{"i":[[0,0],[0,0]],"o":[[0,0],[0,0]],"v":[[1.236,3.52],[1,56.5]],"c":false}],"e":[{"i":[[0,0],[0,0]],"o":[[0,0],[0,0]],"v":[[1.07,46.291],[1,56.75]],"c":false}]},{"t":59}],"ix":2},"nm":"Path 1","mn":"ADBE Vector Shape - Group","hd":false},{"ty":"st","c":{"a":0,"k":[0,0.007843137255,0.133333333333,1],"ix":3},"o":{"a":0,"k":100,"ix":4},"w":{"a":0,"k":14,"ix":5},"lc":2,"lj":1,"ml":4,"ml2":{"a":0,"k":4,"ix":8},"nm":"Stroke 1","mn":"ADBE Vector Graphic - Stroke","hd":false},{"ty":"fl","c":{"a":0,"k":[0.03137254902,0.658823529412,1,1],"ix":4},"o":{"a":0,"k":100,"ix":5},"r":1,"nm":"Fill 1","mn":"ADBE Vector Graphic - Fill","hd":true},{"ty":"tr","p":{"a":0,"k":[0,0],"ix":2},"a":{"a":0,"k":[0,0],"ix":1},"s":{"a":0,"k":[100,100],"ix":3},"r":{"a":0,"k":0,"ix":6},"o":{"a":0,"k":100,"ix":7},"sk":{"a":0,"k":0,"ix":4},"sa":{"a":0,"k":0,"ix":5},"nm":"Transform"}],"nm":"Shape 1","np":3,"cix":2,"ix":1,"mn":"ADBE Vector Group","hd":false},{"ty":"gr","it":[{"ind":0,"ty":"sh","ix":1,"ks":{"a":0,"k":{"i":[[0,0],[0,0]],"o":[[0,0],[0,0]],"v":[[1.07,44.041],[1,54.25]],"c":false},"ix":2},"nm":"Path 1","mn":"ADBE Vector Shape - Group","hd":false},{"ty":"tr","p":{"a":0,"k":[0,0],"ix":2},"a":{"a":0,"k":[0,0],"ix":1},"s":{"a":0,"k":[100,100],"ix":3},"r":{"a":0,"k":0,"ix":6},"o":{"a":0,"k":100,"ix":7},"sk":{"a":0,"k":0,"ix":4},"sa":{"a":0,"k":0,"ix":5},"nm":"Transform"}],"nm":"Group 1","np":1,"cix":2,"ix":2,"mn":"ADBE Vector Group","hd":false}],"ip":35,"op":60,"st":35,"bm":0},{"ddd":0,"ind":3,"ty":4,"nm":"top","parent":6,"sr":1,"ks":{"o":{"a":0,"k":100,"ix":11},"r":{"a":0,"k":0,"ix":10},"p":{"a":0,"k":[-0.237,-75.448,0],"ix":2},"a":{"a":0,"k":[0,0,0],"ix":1},"s":{"a":0,"k":[100,100,100],"ix":6}},"ao":0,"shapes":[{"ty":"gr","it":[{"ind":0,"ty":"sh","ix":1,"ks":{"a":0,"k":{"i":[[0,0],[0,0],[0,0],[0,0]],"o":[[0,0],[0,0],[0,0],[0,0]],"v":[[-74.495,-9.31],[74.495,-9.31],[74.495,9.31],[-74.495,9.31]],"c":true},"ix":2},"nm":"Path 1","mn":"ADBE Vector Shape - Group","hd":false},{"ty":"rd","nm":"Round Corners 1","r":{"a":0,"k":9.31,"ix":1},"ix":2,"mn":"ADBE Vector Filter - RC","hd":false},{"ty":"fl","c":{"a":0,"k":[0,0.007843137255,0.133333333333,1],"ix":4},"o":{"a":0,"k":100,"ix":5},"r":1,"nm":"Fill 1","mn":"ADBE Vector Graphic - Fill","hd":false},{"ty":"tr","p":{"a":0,"k":[0,0],"ix":2},"a":{"a":0,"k":[0,0],"ix":1},"s":{"a":0,"k":[100,100],"ix":3},"r":{"a":0,"k":0,"ix":6},"o":{"a":0,"k":100,"ix":7},"sk":{"a":0,"k":0,"ix":4},"sa":{"a":0,"k":0,"ix":5},"nm":"Transform"}],"nm":"top","np":3,"cix":2,"ix":1,"mn":"ADBE Vector Group","hd":false}],"ip":0,"op":60,"st":0,"bm":0},{"ddd":0,"ind":4,"ty":4,"nm":"time-down","parent":6,"sr":1,"ks":{"o":{"a":0,"k":100,"ix":11},"r":{"a":0,"k":0,"ix":10},"p":{"a":0,"k":[-1.53,-33,0],"ix":2},"a":{"a":0,"k":[0,0,0],"ix":1},"s":{"a":0,"k":[100,-100,100],"ix":6}},"ao":0,"shapes":[{"ty":"gr","it":[{"ind":0,"ty":"sh","ix":1,"ks":{"a":1,"k":[{"i":{"x":0.667,"y":1},"o":{"x":0.167,"y":0.167},"n":"0p667_1_0p167_0p167","t":53,"s":[{"i":[[-6.69,0],[0,0],[-0.111,5.244],[1.215,8.14],[7.97,0.125],[2.32,-2.28],[0.22,-5.32],[0,0]],"o":[[0,0],[6.59,0],[-0.5,-6.85],[-0.598,-4.008],[-7.97,-0.125],[0,0],[0,0],[0,6.71]],"v":[[-0.89,25.5],[3.223,25.5],[6.75,20.35],[5.815,7.985],[-0.355,9],[-3.245,12.395],[-5,15.93],[-6,20.35]],"c":true}],"e":[{"i":[[-6.69,0],[0,0],[-0.111,5.244],[9.57,9.95],[7.97,0.125],[2.32,-2.28],[0.22,-5.32],[0,0]],"o":[[0,0],[6.59,0],[-0.5,-6.85],[-2.81,-2.92],[-7.97,-0.125],[0,0],[0,0],[0,6.71]],"v":[[-18.39,25.5],[20.723,25.5],[30.5,13.35],[16.39,-6.14],[-0.28,-14.5],[-16.795,-5.98],[-30.5,13.18],[-30.5,13.35]],"c":true}]},{"t":59}],"ix":2},"nm":"Path 1","mn":"ADBE Vector Shape - Group","hd":false},{"ty":"fl","c":{"a":0,"k":[0,0.007843137255,0.133333333333,1],"ix":4},"o":{"a":0,"k":100,"ix":5},"r":1,"nm":"Fill 1","mn":"ADBE Vector Graphic - Fill","hd":false},{"ty":"tr","p":{"a":0,"k":[0,0],"ix":2},"a":{"a":0,"k":[0,0],"ix":1},"s":{"a":0,"k":[100,100],"ix":3},"r":{"a":0,"k":0,"ix":6},"o":{"a":0,"k":100,"ix":7},"sk":{"a":0,"k":0,"ix":4},"sa":{"a":0,"k":0,"ix":5},"nm":"Transform"}],"nm":"time 2","np":2,"cix":2,"ix":1,"mn":"ADBE Vector Group","hd":false},{"ty":"gr","it":[{"ty":"fl","c":{"a":0,"k":[0,0.007843137255,0.133333333333,1],"ix":4},"o":{"a":0,"k":100,"ix":5},"r":1,"nm":"Fill 1","mn":"ADBE Vector Graphic - Fill","hd":false},{"ty":"tr","p":{"a":0,"k":[0,0],"ix":2},"a":{"a":0,"k":[0,0],"ix":1},"s":{"a":0,"k":[100,100],"ix":3},"r":{"a":0,"k":0,"ix":6},"o":{"a":0,"k":100,"ix":7},"sk":{"a":0,"k":0,"ix":4},"sa":{"a":0,"k":0,"ix":5},"nm":"Transform"}],"nm":"time","np":1,"cix":2,"ix":2,"mn":"ADBE Vector Group","hd":false}],"ip":53,"op":60,"st":7,"bm":0},{"ddd":0,"ind":5,"ty":4,"nm":"time-up","parent":6,"sr":1,"ks":{"o":{"a":0,"k":100,"ix":11},"r":{"a":0,"k":0,"ix":10},"p":{"a":0,"k":[-1.53,32.5,0],"ix":2},"a":{"a":0,"k":[0,0,0],"ix":1},"s":{"a":0,"k":[100,100,100],"ix":6}},"ao":0,"shapes":[{"ty":"gr","it":[{"ind":0,"ty":"sh","ix":1,"ks":{"a":1,"k":[{"i":{"x":0.833,"y":0.833},"o":{"x":0.167,"y":0.167},"n":"0p833_0p833_0p167_0p167","t":-5,"s":[{"i":[[-6.69,0],[0,0],[-0.125,5.9],[9.57,9.95],[0,0],[2.32,-2.28],[0.22,-5.32],[0,0]],"o":[[0,0],[6.59,0],[0.125,-5.6],[-2.81,-2.92],[-5.98,0],[0,0],[0,0],[0,6.71]],"v":[[-18.39,25.5],[21.015,25.5],[30.5,13.35],[10.41,-21.82],[-0.19,-25.5],[-10.65,-21.99],[-30.5,13.18],[-30.5,13.35]],"c":true}],"e":[{"i":[[-6.69,0],[0,0],[-0.111,5.244],[9.57,9.95],[7.97,0.125],[2.32,-2.28],[0.22,-5.32],[0,0]],"o":[[0,0],[6.59,0],[-0.5,-6.85],[-2.81,-2.92],[-7.97,-0.125],[0,0],[0,0],[0,6.71]],"v":[[-18.39,25.5],[20.723,25.5],[30.5,13.35],[16.39,-6.14],[-0.28,-14.5],[-16.795,-5.98],[-30.5,13.18],[-30.5,13.35]],"c":true}]},{"i":{"x":0.833,"y":0.833},"o":{"x":0.167,"y":0.167},"n":"0p833_0p833_0p167_0p167","t":0,"s":[{"i":[[-6.69,0],[0,0],[-0.111,5.244],[9.57,9.95],[7.97,0.125],[2.32,-2.28],[0.22,-5.32],[0,0]],"o":[[0,0],[6.59,0],[-0.5,-6.85],[-2.81,-2.92],[-7.97,-0.125],[0,0],[0,0],[0,6.71]],"v":[[-18.39,25.5],[20.723,25.5],[30.5,13.35],[16.39,-6.14],[-0.28,-14.5],[-16.795,-5.98],[-30.5,13.18],[-30.5,13.35]],"c":true}],"e":[{"i":[[-6.69,0],[0,0],[2.905,4.906],[7.706,11.409],[7.334,-3.123],[3.795,-7.031],[0.22,-5.32],[0,0]],"o":[[0,0],[6.59,0],[-3.838,-8.41],[-6.823,-6.658],[-5.759,2.452],[0,0],[0,0],[0,6.71]],"v":[[-18.39,25.5],[16.753,25.987],[26.53,13.837],[12.972,-9.051],[-7.23,-22.451],[-20.652,-6.377],[-30.5,13.18],[-30.5,13.35]],"c":true}]},{"i":{"x":0.833,"y":1},"o":{"x":0.167,"y":0.167},"n":"0p833_1_0p167_0p167","t":20,"s":[{"i":[[-6.69,0],[0,0],[2.905,4.906],[7.706,11.409],[7.334,-3.123],[3.795,-7.031],[0.22,-5.32],[0,0]],"o":[[0,0],[6.59,0],[-3.838,-8.41],[-6.823,-6.658],[-5.759,2.452],[0,0],[0,0],[0,6.71]],"v":[[-18.39,25.5],[16.753,25.987],[26.53,13.837],[12.972,-9.051],[-7.23,-22.451],[-20.652,-6.377],[-30.5,13.18],[-30.5,13.35]],"c":true}],"e":[{"i":[[-6.69,0],[0,0],[2.905,4.906],[7.706,11.409],[7.742,-1.897],[3.795,-7.031],[0.22,-5.32],[0,0]],"o":[[0,0],[6.59,0],[-3.838,-8.41],[-6.823,-6.658],[-8.432,2.066],[0,0],[0,0],[0,6.71]],"v":[[-15.709,24.889],[20.723,25.5],[30.5,13.35],[18.526,-10.751],[-0.661,-21.798],[-17.97,-6.988],[-27.819,12.569],[-27.819,12.739]],"c":true}]},{"i":{"x":0.833,"y":0.833},"o":{"x":0.167,"y":0},"n":"0p833_0p833_0p167_0","t":25,"s":[{"i":[[-6.69,0],[0,0],[2.905,4.906],[7.706,11.409],[7.742,-1.897],[3.795,-7.031],[0.22,-5.32],[0,0]],"o":[[0,0],[6.59,0],[-3.838,-8.41],[-6.823,-6.658],[-8.432,2.066],[0,0],[0,0],[0,6.71]],"v":[[-15.709,24.889],[20.723,25.5],[30.5,13.35],[18.526,-10.751],[-0.661,-21.798],[-17.97,-6.988],[-27.819,12.569],[-27.819,12.739]],"c":true}],"e":[{"i":[[-8.78,-0.135],[-6.861,2.709],[-3.043,7.511],[6.829,11.691],[9.846,-0.973],[3.076,-4.716],[0.22,-5.32],[2.646,-6.27]],"o":[[6.522,0.135],[6.397,-2.699],[2.728,-8.693],[-4.868,-4.837],[-10.263,1.059],[0,0],[0,0],[-2.646,6.27]],"v":[[-26.717,26.233],[2.736,24.462],[21.011,11.794],[17.963,-13.07],[-0.928,-23.139],[-18.387,-11.491],[-29.14,7.995],[-29.14,8.165]],"c":true}]},{"i":{"x":0.833,"y":0.833},"o":{"x":0.167,"y":0.167},"n":"0p833_0p833_0p167_0p167","t":35,"s":[{"i":[[-8.78,-0.135],[-6.861,2.709],[-3.043,7.511],[6.829,11.691],[9.846,-0.973],[3.076,-4.716],[0.22,-5.32],[2.646,-6.27]],"o":[[6.522,0.135],[6.397,-2.699],[2.728,-8.693],[-4.868,-4.837],[-10.263,1.059],[0,0],[0,0],[-2.646,6.27]],"v":[[-26.717,26.233],[2.736,24.462],[21.011,11.794],[17.963,-13.07],[-0.928,-23.139],[-18.387,-11.491],[-29.14,7.995],[-29.14,8.165]],"c":true}],"e":[{"i":[[-8.78,-0.135],[-4.173,2.699],[-3.043,7.511],[6.829,11.691],[9.846,-0.973],[3.076,-4.716],[3.17,-6.745],[0,0]],"o":[[6.522,0.135],[6.397,-2.699],[2.728,-8.693],[-4.868,-4.837],[-10.263,1.059],[0,0],[0,0],[0,6.71]],"v":[[-23.11,18.54],[6.222,16.368],[20.511,4.794],[17.963,-13.07],[-0.928,-23.139],[-18.387,-11.491],[-26.765,0.995],[-28.89,5.665]],"c":true}]},{"i":{"x":0.667,"y":1},"o":{"x":0.167,"y":0.167},"n":"0p667_1_0p167_0p167","t":40,"s":[{"i":[[-8.78,-0.135],[-4.173,2.699],[-3.043,7.511],[6.829,11.691],[9.846,-0.973],[3.076,-4.716],[3.17,-6.745],[0,0]],"o":[[6.522,0.135],[6.397,-2.699],[2.728,-8.693],[-4.868,-4.837],[-10.263,1.059],[0,0],[0,0],[0,6.71]],"v":[[-23.11,18.54],[6.222,16.368],[20.511,4.794],[17.963,-13.07],[-0.928,-23.139],[-18.387,-11.491],[-26.765,0.995],[-28.89,5.665]],"c":true}],"e":[{"i":[[-10.45,-3.5],[-5.337,1.625],[0.065,4.325],[5.045,5.015],[12.06,0],[2.32,-2.28],[0.22,-5.32],[0,0]],"o":[[10.45,3.5],[5.337,-1.625],[0.435,-3.575],[-2.81,-2.92],[-12.19,0],[0,0],[0,0],[-2.69,7.15]],"v":[[-23.12,12.5],[8.857,7.25],[24.72,-4.05],[18.36,-16.14],[-0.31,-24.5],[-18.825,-16.23],[-25.78,-3.32],[-24.28,-7.15]],"c":true}]},{"i":{"x":0.971,"y":1},"o":{"x":1,"y":0},"n":"0p971_1_1_0","t":46,"s":[{"i":[[-10.45,-3.5],[-5.337,1.625],[0.065,4.325],[5.045,5.015],[12.06,0],[2.32,-2.28],[0.22,-5.32],[0,0]],"o":[[10.45,3.5],[5.337,-1.625],[0.435,-3.575],[-2.81,-2.92],[-12.19,0],[0,0],[0,0],[-2.69,7.15]],"v":[[-23.12,12.5],[8.857,7.25],[24.72,-4.05],[18.36,-16.14],[-0.31,-24.5],[-18.825,-16.23],[-25.78,-3.32],[-24.28,-7.15]],"c":true}],"e":[{"i":[[0.17,-0.125],[0,0],[-0.095,0.4],[0.046,-0.11],[0.81,-0.125],[0.325,0.105],[0.28,-0.305],[0,0]],"o":[[0,0],[0.182,0.125],[-0.22,0.15],[-0.11,-0.36],[0.185,0],[0,0],[0,0],[-0.095,0.275]],"v":[[-1.67,-24.25],[-0.807,-24.375],[-0.28,-23.525],[0.391,-24.39],[-0.31,-24.5],[-0.294,-24.543],[-1.03,-24.32],[-1.405,-24.4]],"c":true}]},{"t":53}],"ix":2},"nm":"Path 1","mn":"ADBE Vector Shape - Group","hd":false},{"ty":"fl","c":{"a":0,"k":[0,0.007843137255,0.133333333333,1],"ix":4},"o":{"a":0,"k":100,"ix":5},"r":1,"nm":"Fill 1","mn":"ADBE Vector Graphic - Fill","hd":false},{"ty":"tr","p":{"a":0,"k":[0,0],"ix":2},"a":{"a":0,"k":[0,0],"ix":1},"s":{"a":0,"k":[100,100],"ix":3},"r":{"a":0,"k":0,"ix":6},"o":{"a":0,"k":100,"ix":7},"sk":{"a":0,"k":0,"ix":4},"sa":{"a":0,"k":0,"ix":5},"nm":"Transform"}],"nm":"time 2","np":2,"cix":2,"ix":1,"mn":"ADBE Vector Group","hd":false},{"ty":"gr","it":[{"ty":"fl","c":{"a":0,"k":[0,0.007843137255,0.133333333333,1],"ix":4},"o":{"a":0,"k":100,"ix":5},"r":1,"nm":"Fill 1","mn":"ADBE Vector Graphic - Fill","hd":false},{"ty":"tr","p":{"a":0,"k":[0,0],"ix":2},"a":{"a":0,"k":[0,0],"ix":1},"s":{"a":0,"k":[100,100],"ix":3},"r":{"a":0,"k":0,"ix":6},"o":{"a":0,"k":100,"ix":7},"sk":{"a":0,"k":0,"ix":4},"sa":{"a":0,"k":0,"ix":5},"nm":"Transform"}],"nm":"time","np":1,"cix":2,"ix":2,"mn":"ADBE Vector Group","hd":false}],"ip":0,"op":53,"st":0,"bm":0},{"ddd":0,"ind":6,"ty":4,"nm":"outline-shape","sr":1,"ks":{"o":{"a":0,"k":100,"ix":11},"r":{"a":1,"k":[{"i":{"x":[0.575],"y":[-11.69]},"o":{"x":[0.185],"y":[4.757]},"n":["0p575_-11p69_0p185_4p757"],"t":0,"s":[0],"e":[7]},{"i":{"x":[0.703],"y":[1]},"o":{"x":[0.341],"y":[0.192]},"n":["0p703_1_0p341_0p192"],"t":20,"s":[7],"e":[193]},{"i":{"x":[0.703],"y":[1]},"o":{"x":[0.167],"y":[0]},"n":["0p703_1_0p167_0"],"t":30,"s":[193],"e":[176]},{"i":{"x":[0.703],"y":[1]},"o":{"x":[0.167],"y":[0]},"n":["0p703_1_0p167_0"],"t":39,"s":[176],"e":[180]},{"t":43}],"ix":10},"p":{"a":0,"k":[250,250,0],"ix":2},"a":{"a":0,"k":[0,0,0],"ix":1},"s":{"a":0,"k":[100,100,100],"ix":6}},"ao":0,"shapes":[{"ty":"gr","it":[{"ind":0,"ty":"sh","ix":1,"ks":{"a":0,"k":{"i":[[0,7.99],[0,0],[0,0],[0,0],[19.09,-27.84],[0,0],[-0.19,-8.53],[0,0],[0,0],[0,0],[0,0],[-17.24,26.68],[0,0],[0,0]],"o":[[0,0],[0,0],[0,0],[0,8.5],[0,0],[18.52,27.1],[0,0],[0,0],[0,0],[0,0],[0,-7.99],[0,0],[0,0],[-17.24,-26.68]],"v":[[-50.5,-54.51],[-50.5,-71],[50.5,-71],[50.5,-54.51],[21.86,0],[22.43,0.83],[50.5,54.26],[50.5,54.51],[50.5,71],[-50.5,71],[-50.5,54.51],[-24.64,2.5],[-23.02,0],[-24.64,-2.5]],"c":true},"ix":2},"nm":"Path 1","mn":"ADBE Vector Shape - Group","hd":false},{"ty":"st","c":{"a":0,"k":[0,0.007843137255,0.133333333333,1],"ix":3},"o":{"a":0,"k":100,"ix":4},"w":{"a":0,"k":12,"ix":5},"lc":1,"lj":2,"nm":"Stroke 1","mn":"ADBE Vector Graphic - Stroke","hd":false},{"ty":"tr","p":{"a":0,"k":[0,0],"ix":2},"a":{"a":0,"k":[0,0],"ix":1},"s":{"a":0,"k":[100,100],"ix":3},"r":{"a":0,"k":0,"ix":6},"o":{"a":0,"k":100,"ix":7},"sk":{"a":0,"k":0,"ix":4},"sa":{"a":0,"k":0,"ix":5},"nm":"Transform"}],"nm":"shape","np":2,"cix":2,"ix":1,"mn":"ADBE Vector Group","hd":false}],"ip":0,"op":60,"st":0,"bm":0},{"ddd":0,"ind":7,"ty":4,"nm":"bottom","parent":6,"sr":1,"ks":{"o":{"a":0,"k":100,"ix":11},"r":{"a":0,"k":0,"ix":10},"p":{"a":0,"k":[-0.237,75.839,0],"ix":2},"a":{"a":0,"k":[0,0,0],"ix":1},"s":{"a":0,"k":[100,100,100],"ix":6}},"ao":0,"shapes":[{"ty":"gr","it":[{"ind":0,"ty":"sh","ix":1,"ks":{"a":0,"k":{"i":[[0,0],[0,0],[0,0],[0,0]],"o":[[0,0],[0,0],[0,0],[0,0]],"v":[[-74.495,-9.31],[74.495,-9.31],[74.495,9.31],[-74.495,9.31]],"c":true},"ix":2},"nm":"Path 1","mn":"ADBE Vector Shape - Group","hd":false},{"ty":"rd","nm":"Round Corners 1","r":{"a":0,"k":9.31,"ix":1},"ix":2,"mn":"ADBE Vector Filter - RC","hd":false},{"ty":"fl","c":{"a":0,"k":[0,0.007843137255,0.133333333333,1],"ix":4},"o":{"a":0,"k":100,"ix":5},"r":1,"nm":"Fill 1","mn":"ADBE Vector Graphic - Fill","hd":false},{"ty":"tr","p":{"a":0,"k":[0,0],"ix":2},"a":{"a":0,"k":[0,0],"ix":1},"s":{"a":0,"k":[100,100],"ix":3},"r":{"a":0,"k":0,"ix":6},"o":{"a":0,"k":100,"ix":7},"sk":{"a":0,"k":0,"ix":4},"sa":{"a":0,"k":0,"ix":5},"nm":"Transform"}],"nm":"bottom","np":3,"cix":2,"ix":1,"mn":"ADBE Vector Group","hd":false}],"ip":0,"op":60,"st":0,"bm":0}],"markers":[]}